Site_ID,Latitude,Longitude,Elevation_in_Meters,State,Species_ID,Genus,Species,Common_Name,Kingdom,Individual_ID,Phenophase_ID,Phenophase_Description,First_Yes_Year,First_Yes_Month,First_Yes_Day,First_Yes_DOY,First_Yes_Julian_Date,NumDays_Since_Prior_No,Last_Yes_Year,Last_Yes_Month,Last_Yes_Day,Last_Yes_DOY,Last_Yes_Julian_Date,NumDays_Until_Next_No,AGDD,AGDD_in_F,Tmax_Winter,Tmax_Spring,Tmin_Winter,Tmin_Spring,Prcp_Winter,Prcp_Spring
2348,35.926178,-78.692719,129,NC,228,Prunus,yedoensis,Yoshino cherry,Plantae,4931,501,Open flowers,2009,3,29,88,2454920,-9999,2009,3,29,88,2454920,-9999,583.75,1050.75,11.91,21.46,-0.35,8.83,241,383
2251,45.4856,-122.855499,63,OR,87,Prunus,emarginata,bitter cherry,Plantae,4616,501,Open flowers,2010,2,27,58,2455255,7,2010,3,15,74,2455271,12,462.75,832.95,9.6,15.43,2.61,5.49,368,329
2348,35.926178,-78.692719,129,NC,228,Prunus,yedoensis,Yoshino cherry,Plantae,4931,501,Open flowers,2010,3,24,83,2455280,3,2010,3,25,84,2455281,11,423.5,762.3,8.73,22.93,-2.14,9.29,383,282
2424,35.875225,-78.737076,118,NC,228,Prunus,yedoensis,Yoshino cherry,Plantae,5076,501,Open flowers,2010,3,22,81,2455278,1,2010,3,28,87,2455284,-9999,403.75,726.75,8.76,22.92,-2.03,9.39,394,264
1841,39.973316,-82.802826,275,OH,87,Prunus,emarginata,bitter cherry,Plantae,5652,501,Open flowers,2010,4,4,94,2455291,-9999,2010,4,12,102,2455299,11,292.5,526.5,1.23,19.08,-6.28,5.85,211,276
2251,45.4856,-122.855499,63,OR,87,Prunus,emarginata,bitter cherry,Plantae,6089,501,Open flowers,2010,4,18,108,2455305,-9999,2010,5,6,126,2455323,17,920.25,1656.45,9.6,15.43,2.61,5.49,368,329
5399,38.886761,-77.041016,2,DC,228,Prunus,yedoensis,Yoshino cherry,Plantae,11222,501,Open flowers,2011,4,5,95,2455657,-9999,2011,4,5,95,2455657,-9999,436.25,785.25,5.82,19.61,-3.07,8.47,171,301
5399,38.886761,-77.041016,2,DC,228,Prunus,yedoensis,Yoshino cherry,Plantae,11223,501,Open flowers,2011,4,5,95,2455657,-9999,2011,4,5,95,2455657,-9999,436.25,785.25,5.82,19.61,-3.07,8.47,171,301
5399,38.886761,-77.041016,2,DC,228,Prunus,yedoensis,Yoshino cherry,Plantae,11224,501,Open flowers,2011,4,5,95,2455657,-9999,2011,4,5,95,2455657,-9999,436.25,785.25,5.82,19.61,-3.07,8.47,171,301
3,35.879211,-84.172203,284,TN,227,Prunus,serrulata,Japanese flowering cherry,Plantae,37258,501,Open flowers,2011,4,9,99,2455661,6,2011,4,9,99,2455661,12,726.25,1307.25,7.91,21.8,-2.42,9.21,289,472
6432,37.799515,-122.412834,46,CA,227,Prunus,serrulata,Japanese flowering cherry,Plantae,18716,501,Open flowers,2012,3,29,89,2456016,34,2012,3,29,89,2456016,20,1008,1814.4,15.31,17.6,6.63,8.82,129,245
6432,37.799515,-122.412834,46,CA,227,Prunus,serrulata,Japanese flowering cherry,Plantae,18717,501,Open flowers,2012,3,29,89,2456016,34,2012,3,29,89,2456016,20,1008,1814.4,15.31,17.6,6.63,8.82,129,245
6432,37.799515,-122.412834,46,CA,227,Prunus,serrulata,Japanese flowering cherry,Plantae,18716,501,Open flowers,2013,3,23,82,2456375,11,2013,3,23,82,2456375,-9999,890.5,1602.9,14.51,19.51,6.11,9.28,248,60
6432,37.799515,-122.412834,46,CA,227,Prunus,serrulata,Japanese flowering cherry,Plantae,18717,501,Open flowers,2013,3,23,82,2456375,11,2013,3,23,82,2456375,-9999,890.5,1602.9,14.51,19.51,6.11,9.28,248,60
8861,41.71357,-121.507545,1452,CA,87,Prunus,emarginata,bitter cherry,Plantae,29502,501,Open flowers,2013,5,8,128,2456421,8,2013,5,30,150,2456443,13,567.75,1021.95,4.89,15.39,-5.71,0.88,205,77
8937,41.709045,-121.514771,1506,CA,87,Prunus,emarginata,bitter cherry,Plantae,30319,501,Open flowers,2013,5,22,142,2456435,8,2013,6,19,170,2456463,8,721.5,1298.7,4.74,14.9,-5.62,0.83,236,93
3,35.879211,-84.172203,284,TN,227,Prunus,serrulata,Japanese flowering cherry,Plantae,37258,501,Open flowers,2013,4,10,100,2456393,2,2013,4,24,114,2456407,4,629.5,1133.1,11.2,19.23,1.01,6.78,592,457
10918,37.243382,-80.427132,651,VA,227,Prunus,serrulata,Japanese flowering cherry,Plantae,43410,501,Open flowers,2013,4,18,108,2456401,3,2013,5,2,122,2456415,-9999,431.5,776.7,7.37,15.1,-3.08,3.48,297,328
8861,41.71357,-121.507545,1452,CA,87,Prunus,emarginata,bitter cherry,Plantae,29502,501,Open flowers,2014,5,1,121,2456779,7,2014,5,1,121,2456779,20,641,1153.8,7.76,16.1,-4.11,1.35,55,172
8937,41.709045,-121.514771,1506,CA,87,Prunus,emarginata,bitter cherry,Plantae,30319,501,Open flowers,2014,5,21,141,2456799,20,2014,6,13,164,2456822,7,844.75,1520.55,7.65,15.67,-3.97,1.36,68,171
3,35.879211,-84.172203,284,TN,227,Prunus,serrulata,Japanese flowering cherry,Plantae,37258,501,Open flowers,2014,4,6,96,2456754,11,2014,4,24,114,2456772,3,548,986.4,8.81,21.58,-2.73,7.58,414,289
9044,44.272942,-73.947464,500,NY,1189,Prunus,pensylvanica,pin cherry,Plantae,46056,501,Open flowers,2014,5,23,143,2456801,4,2014,6,9,160,2456818,3,381,685.8,-3.87,8.76,-14.26,-4.62,211,316
9044,44.272942,-73.947464,500,NY,1189,Prunus,pensylvanica,pin cherry,Plantae,46137,501,Open flowers,2014,5,23,143,2456801,8,2014,6,9,160,2456818,3,381,685.8,-3.87,8.76,-14.26,-4.62,211,316
8901,35.590618,-83.470062,1794,TN,1189,Prunus,pensylvanica,pin cherry,Plantae,48481,501,Open flowers,2014,5,14,134,2456792,8,2014,5,14,134,2456792,18,562.25,1012.05,3.07,12.74,-6.93,2.02,668,371
11837,35.562538,-83.497864,2017,NC,1189,Prunus,pensylvanica,pin cherry,Plantae,49725,501,Open flowers,2014,6,1,152,2456810,9,2014,6,1,152,2456810,-9999,707.5,1273.5,2.27,11.61,-7.41,1.56,715,409
11837,35.562538,-83.497864,2017,NC,1189,Prunus,pensylvanica,pin cherry,Plantae,49732,501,Open flowers,2014,6,1,152,2456810,9,2014,6,1,152,2456810,-9999,707.5,1273.5,2.27,11.61,-7.41,1.56,715,409
8309,39.731804,-104.961166,1639,CO,227,Prunus,serrulata,Japanese flowering cherry,Plantae,63896,501,Open flowers,2014,4,25,115,2456773,8,2014,5,20,140,2456798,7,555.5,999.9,7.18,17.2,-8.32,1.79,51,169
8309,39.731804,-104.961166,1639,CO,227,Prunus,serrulata,Japanese flowering cherry,Plantae,63896,501,Open flowers,2014,6,3,154,2456812,7,2014,6,3,154,2456812,6,1093,1967.4,7.18,17.2,-8.32,1.79,51,169
8309,39.731804,-104.961166,1639,CO,228,Prunus,yedoensis,Yoshino cherry,Plantae,63897,501,Open flowers,2014,3,30,89,2456747,6,2014,4,11,101,2456759,4,305,549,7.18,17.2,-8.32,1.79,51,169
8309,39.731804,-104.961166,1639,CO,228,Prunus,yedoensis,Yoshino cherry,Plantae,63897,501,Open flowers,2014,4,17,107,2456765,2,2014,4,17,107,2456765,8,446.25,803.25,7.18,17.2,-8.32,1.79,51,169
9044,44.272942,-73.947464,500,NY,1189,Prunus,pensylvanica,pin cherry,Plantae,67698,501,Open flowers,2014,5,23,143,2456801,4,2014,6,2,153,2456811,3,381,685.8,-3.87,8.76,-14.26,-4.62,211,316
18536,40.866119,-73.879341,25,NY,228,Prunus,yedoensis,Yoshino cherry,Plantae,73380,501,Open flowers,2014,5,2,122,2456780,-9999,2014,5,2,122,2456780,4,517,930.6,3.62,15,-4.69,4.65,344,431
18536,40.866119,-73.879341,25,NY,228,Prunus,yedoensis,Yoshino cherry,Plantae,73393,501,Open flowers,2014,5,2,122,2456780,-9999,2014,5,2,122,2456780,4,517,930.6,3.62,15,-4.69,4.65,344,431
8861,41.71357,-121.507545,1452,CA,87,Prunus,emarginata,bitter cherry,Plantae,29502,501,Open flowers,2015,5,20,140,2457163,36,2015,5,27,147,2457170,13,970.75,1747.35,9.17,16.51,-0.92,1.68,181,143
8937,41.709045,-121.514771,1506,CA,87,Prunus,emarginata,bitter cherry,Plantae,30319,501,Open flowers,2015,5,20,140,2457163,36,2015,6,17,168,2457191,68,944.5,1700.1,8.82,15.96,-0.87,1.72,202,165
3,35.879211,-84.172203,284,TN,227,Prunus,serrulata,Japanese flowering cherry,Plantae,37258,501,Open flowers,2015,4,7,97,2457120,4,2015,4,22,112,2457135,3,572.5,1030.5,8.16,22.22,-2.11,9.14,343,307
9044,44.272942,-73.947464,500,NY,1189,Prunus,pensylvanica,pin cherry,Plantae,46056,501,Open flowers,2015,5,18,138,2457161,4,2015,5,18,138,2457161,32,363,653.4,-4.69,10.4,-16.66,-3.47,180,207
9044,44.272942,-73.947464,500,NY,1189,Prunus,pensylvanica,pin cherry,Plantae,46137,501,Open flowers,2015,5,18,138,2457161,4,2015,5,25,145,2457168,25,363,653.4,-4.69,10.4,-16.66,-3.47,180,207
8901,35.590618,-83.470062,1794,TN,1189,Prunus,pensylvanica,pin cherry,Plantae,48480,501,Open flowers,2015,5,15,135,2457158,2,2015,5,22,142,2457165,5,588.25,1058.85,2.67,13.14,-6.63,3.11,434,475
8901,35.590618,-83.470062,1794,TN,1189,Prunus,pensylvanica,pin cherry,Plantae,48480,501,Open flowers,2015,5,29,149,2457172,2,2015,6,2,153,2457176,3,772.75,1390.95,2.67,13.14,-6.63,3.11,434,475
8901,35.590618,-83.470062,1794,TN,1189,Prunus,pensylvanica,pin cherry,Plantae,48481,501,Open flowers,2015,5,22,142,2457165,7,2015,6,2,153,2457176,3,680.25,1224.45,2.67,13.14,-6.63,3.11,434,475
11837,35.562538,-83.497864,2017,NC,1189,Prunus,pensylvanica,pin cherry,Plantae,49725,501,Open flowers,2015,5,29,149,2457172,7,2015,6,2,153,2457176,3,696.5,1253.7,1.87,11.99,-7.14,2.57,470,492
11837,35.562538,-83.497864,2017,NC,1189,Prunus,pensylvanica,pin cherry,Plantae,49732,501,Open flowers,2015,5,22,142,2457165,-9999,2015,6,5,156,2457179,7,610.5,1098.9,1.87,11.99,-7.14,2.57,470,492
11837,35.562538,-83.497864,2017,NC,1189,Prunus,pensylvanica,pin cherry,Plantae,49734,501,Open flowers,2015,5,29,149,2457172,7,2015,6,5,156,2457179,7,696.5,1253.7,1.87,11.99,-7.14,2.57,470,492
9044,44.272942,-73.947464,500,NY,1189,Prunus,pensylvanica,pin cherry,Plantae,67698,501,Open flowers,2015,5,18,138,2457161,4,2015,5,18,138,2457161,7,363,653.4,-4.69,10.4,-16.66,-3.47,180,207
18536,40.866119,-73.879341,25,NY,228,Prunus,yedoensis,Yoshino cherry,Plantae,73380,501,Open flowers,2015,4,29,119,2457142,6,2015,4,29,119,2457142,7,428,770.4,2.85,16.05,-5.19,5.32,374,217
18536,40.866119,-73.879341,25,NY,228,Prunus,yedoensis,Yoshino cherry,Plantae,73393,501,Open flowers,2015,4,29,119,2457142,6,2015,4,29,119,2457142,7,428,770.4,2.85,16.05,-5.19,5.32,374,217
19941,38.451824,-87.360291,160,IN,228,Prunus,yedoensis,Yoshino cherry,Plantae,90460,501,Open flowers,2015,4,8,98,2457121,-9999,2015,4,8,98,2457121,-9999,372.25,670.05,3.91,18.9,-5.54,7.02,247,479
21670,42.330338,-71.049316,1,MA,227,Prunus,serrulata,Japanese flowering cherry,Plantae,110240,501,Open flowers,2015,10,6,279,2457302,-9999,2015,11,13,317,2457340,39,3487.5,6277.5,1.87,14.45,-7.69,2.84,372,151
8861,41.71357,-121.507545,1452,CA,87,Prunus,emarginata,bitter cherry,Plantae,29502,501,Open flowers,2016,4,28,119,2457507,51,2016,5,11,132,2457520,8,610.5,1098.9,5.83,15.23,-3.05,2.45,170,75
8937,41.709045,-121.514771,1506,CA,87,Prunus,emarginata,bitter cherry,Plantae,30319,501,Open flowers,2016,5,19,140,2457528,8,2016,6,9,161,2457549,8,831.75,1497.15,5.55,14.69,-3.07,2.39,228,90
8901,35.590618,-83.470062,1794,TN,1189,Prunus,pensylvanica,pin cherry,Plantae,48480,501,Open flowers,2016,5,17,138,2457526,6,2016,5,24,145,2457533,8,647.75,1165.95,4.26,13.06,-4.22,2.78,749,364
8901,35.590618,-83.470062,1794,TN,1189,Prunus,pensylvanica,pin cherry,Plantae,48481,501,Open flowers,2016,5,17,138,2457526,6,2016,5,24,145,2457533,8,647.75,1165.95,4.26,13.06,-4.22,2.78,749,364
18536,40.866119,-73.879341,25,NY,228,Prunus,yedoensis,Yoshino cherry,Plantae,73380,501,Open flowers,2016,3,25,85,2457473,7,2016,4,20,111,2457499,2,372.5,670.5,8.32,17.19,-0.16,6.78,324,211
18536,40.866119,-73.879341,25,NY,228,Prunus,yedoensis,Yoshino cherry,Plantae,73393,501,Open flowers,2016,4,1,92,2457480,14,2016,4,15,106,2457494,7,444.25,799.65,8.32,17.19,-0.16,6.78,324,211
23040,53.93327,-116.5765,1255,AB,87,Prunus,emarginata,bitter cherry,Plantae,106886,501,Open flowers,2016,4,19,110,2457498,5,2016,4,19,110,2457498,-9999,108,194.4,-2.49,10.38,-15.31,-4.21,24,182
8861,41.71357,-121.507545,1452,CA,87,Prunus,emarginata,bitter cherry,Plantae,29502,501,Open flowers,2017,5,17,137,2457891,16,2017,5,30,150,2457904,7,606,1090.8,4.1,14.46,-5.17,1.42,200,127
8937,41.709045,-121.514771,1506,CA,87,Prunus,emarginata,bitter cherry,Plantae,30319,501,Open flowers,2017,5,24,144,2457898,8,2017,5,24,144,2457898,6,683.75,1230.75,3.86,13.88,-5.14,1.38,253,154
8901,35.590618,-83.470062,1794,TN,1189,Prunus,pensylvanica,pin cherry,Plantae,48480,501,Open flowers,2017,5,18,138,2457892,4,2017,5,26,146,2457900,12,832.25,1498.05,5.81,12.74,-2.66,3.16,512,671
8901,35.590618,-83.470062,1794,TN,1189,Prunus,pensylvanica,pin cherry,Plantae,48481,501,Open flowers,2017,5,18,138,2457892,4,2017,5,26,146,2457900,12,832.25,1498.05,5.81,12.74,-2.66,3.16,512,671
11837,35.562538,-83.497864,2017,NC,1189,Prunus,pensylvanica,pin cherry,Plantae,49725,501,Open flowers,2017,5,18,138,2457892,-9999,2017,5,18,138,2457892,29,759,1366.2,4.9,11.63,-3.06,2.62,530,686
11837,35.562538,-83.497864,2017,NC,1189,Prunus,pensylvanica,pin cherry,Plantae,49732,501,Open flowers,2017,5,18,138,2457892,-9999,2017,5,18,138,2457892,29,759,1366.2,4.9,11.63,-3.06,2.62,530,686
11837,35.562538,-83.497864,2017,NC,1189,Prunus,pensylvanica,pin cherry,Plantae,49734,501,Open flowers,2017,5,18,138,2457892,-9999,2017,5,18,138,2457892,29,759,1366.2,4.9,11.63,-3.06,2.62,530,686
18536,40.866119,-73.879341,25,NY,228,Prunus,yedoensis,Yoshino cherry,Plantae,73380,501,Open flowers,2017,4,11,101,2457855,6,2017,4,19,109,2457863,9,497.75,895.95,7.19,15.4,-0.46,6.16,278,410
23676,46.996738,-94.696556,430,MN,1189,Prunus,pensylvanica,pin cherry,Plantae,114745,501,Open flowers,2017,5,9,129,2457883,-9999,2017,5,30,150,2457904,-9999,368.25,662.85,-3.97,11,-14.33,-1.26,88,115
25451,35.177742,-80.848755,197,NC,228,Prunus,yedoensis,Yoshino cherry,Plantae,123035,501,Open flowers,2017,3,28,87,2457841,-9999,2017,3,28,87,2457841,-9999,885.25,1593.45,15.17,23.25,2.61,10.13,268,350
26673,39.032318,-94.59211,272,MO,227,Prunus,serrulata,Japanese flowering cherry,Plantae,135309,501,Open flowers,2017,4,15,105,2457859,-9999,2017,4,15,105,2457859,-9999,777.75,1399.95,7.71,19.51,-3.77,7.8,65,366
26736,40.667068,-73.991501,15,NY,227,Prunus,serrulata,Japanese flowering cherry,Plantae,135466,501,Open flowers,2017,4,20,110,2457864,-9999,2017,4,23,113,2457867,-9999,641.5,1154.7,7.46,15.45,-0.39,6.21,301,409
27098,44.668655,-123.222923,98,OR,87,Prunus,emarginata,bitter cherry,Plantae,137765,501,Open flowers,2017,5,19,139,2457893,-9999,2017,5,19,139,2457893,-9999,975.75,1756.35,6.7,16.04,-0.79,4.73,711,401
27101,44.611359,-123.329849,213,OR,87,Prunus,emarginata,bitter cherry,Plantae,137776,501,Open flowers,2017,5,15,135,2457889,-9999,2017,5,15,135,2457889,-9999,850.75,1531.35,6.29,15.21,-1.12,4.12,754,405
8861,41.71357,-121.507545,1452,CA,87,Prunus,emarginata,bitter cherry,Plantae,29502,501,Open flowers,2018,5,23,143,2458262,-9999,2018,5,23,143,2458262,9,800.75,1441.35,7.22,13.98,-3.27,1.15,34,177
18536,40.866119,-73.879341,25,NY,228,Prunus,yedoensis,Yoshino cherry,Plantae,73380,501,Open flowers,2018,4,18,108,2458227,7,2018,5,2,122,2458241,6,439,790.2,5.25,14.92,-2.82,5.77,303,385
18536,40.866119,-73.879341,25,NY,228,Prunus,yedoensis,Yoshino cherry,Plantae,73380,501,Open flowers,2018,5,17,137,2458256,6,2018,5,17,137,2458256,6,869.25,1564.65,5.25,14.92,-2.82,5.77,303,385
11610,47.279659,-92.168053,445,MN,1189,Prunus,pensylvanica,pin cherry,Plantae,78429,501,Open flowers,2018,5,28,148,2458267,-9999,2018,5,28,148,2458267,23,412.75,742.95,-8.02,9.6,-19.94,-4.75,78,93
23676,46.996738,-94.696556,430,MN,1189,Prunus,pensylvanica,pin cherry,Plantae,114745,501,Open flowers,2018,5,16,136,2458255,3,2018,5,23,143,2458262,141,301.5,542.7,-6.74,11.02,-19.14,-2.27,51,73
25451,35.177742,-80.848755,197,NC,228,Prunus,yedoensis,Yoshino cherry,Plantae,123035,501,Open flowers,2018,3,23,82,2458201,-9999,2018,3,23,82,2458201,-9999,665,1197,13.09,21.98,0.94,9.29,233,356
26673,39.032318,-94.59211,272,MO,227,Prunus,serrulata,Japanese flowering cherry,Plantae,135309,501,Open flowers,2018,4,12,102,2458221,16,2018,4,12,102,2458221,-9999,397.5,715.5,5.28,18.71,-6.21,6.67,52,239
27269,48.168194,-90.879684,436,MN,1189,Prunus,pensylvanica,pin cherry,Plantae,140176,501,Open flowers,2018,5,27,147,2458266,-9999,2018,5,27,147,2458266,-9999,367.25,661.05,-8.69,9.22,-20.86,-5.74,94,89
28788,38.984661,-76.93821,24,MD,228,Prunus,yedoensis,Yoshino cherry,Plantae,150828,501,Open flowers,2018,4,2,92,2458211,7,2018,4,22,112,2458231,-9999,453,815.4,7.77,17.97,-1.79,7.47,169,364
28788,38.984661,-76.93821,24,MD,228,Prunus,yedoensis,Yoshino cherry,Plantae,150830,501,Open flowers,2018,4,3,93,2458212,7,2018,4,17,107,2458226,-9999,460.5,828.9,7.77,17.97,-1.79,7.47,169,364
28788,38.984661,-76.93821,24,MD,228,Prunus,yedoensis,Yoshino cherry,Plantae,150831,501,Open flowers,2018,4,3,93,2458212,6,2018,4,24,114,2458233,-9999,460.5,828.9,7.77,17.97,-1.79,7.47,169,364
28790,38.991508,-76.950378,40,MD,228,Prunus,yedoensis,Yoshino cherry,Plantae,150834,501,Open flowers,2018,4,10,100,2458219,7,2018,4,23,113,2458232,-9999,505,909,7.59,17.8,-1.97,7.24,168,365
28793,38.983994,-76.935974,21,MD,228,Prunus,yedoensis,Yoshino cherry,Plantae,150844,501,Open flowers,2018,4,2,92,2458211,5,2018,4,24,114,2458233,-9999,453,815.4,7.77,17.97,-1.79,7.47,169,364
28793,38.983994,-76.935974,21,MD,228,Prunus,yedoensis,Yoshino cherry,Plantae,150845,501,Open flowers,2018,3,27,86,2458205,15,2018,4,23,113,2458232,-9999,386.5,695.7,7.77,17.97,-1.79,7.47,169,364
28796,38.984314,-76.940369,38,MD,228,Prunus,yedoensis,Yoshino cherry,Plantae,150853,501,Open flowers,2018,4,6,96,2458215,7,2018,4,20,110,2458229,-9999,491.25,884.25,7.77,17.97,-1.79,7.47,169,364
28796,38.984314,-76.940369,38,MD,228,Prunus,yedoensis,Yoshino cherry,Plantae,150854,501,Open flowers,2018,4,3,93,2458212,21,2018,4,17,107,2458226,6,460.5,828.9,7.77,17.97,-1.79,7.47,169,364
28797,38.982372,-76.939468,31,MD,228,Prunus,yedoensis,Yoshino cherry,Plantae,150855,501,Open flowers,2018,4,3,93,2458212,6,2018,4,24,114,2458233,-9999,460.5,828.9,7.77,17.97,-1.79,7.47,169,364
28797,38.982372,-76.939468,31,MD,228,Prunus,yedoensis,Yoshino cherry,Plantae,150856,501,Open flowers,2018,4,1,91,2458210,4,2018,4,18,108,2458227,5,443.25,797.85,7.77,17.97,-1.79,7.47,169,364
28797,38.982372,-76.939468,31,MD,228,Prunus,yedoensis,Yoshino cherry,Plantae,150857,501,Open flowers,2018,4,4,94,2458213,7,2018,4,11,101,2458220,-9999,472.25,850.05,7.77,17.97,-1.79,7.47,169,364
28716,44.935444,-123.031776,46,OR,227,Prunus,serrulata,Japanese flowering cherry,Plantae,151436,501,Open flowers,2018,3,20,79,2458198,7,2018,4,9,99,2458218,-9999,528.5,951.3,9.42,16.86,2.03,5.42,316,245
28716,44.935444,-123.031776,46,OR,227,Prunus,serrulata,Japanese flowering cherry,Plantae,151437,501,Open flowers,2018,3,13,72,2458191,7,2018,4,9,99,2458218,-9999,479,862.2,9.42,16.86,2.03,5.42,316,245
28716,44.935444,-123.031776,46,OR,227,Prunus,serrulata,Japanese flowering cherry,Plantae,151438,501,Open flowers,2018,3,13,72,2458191,7,2018,4,9,99,2458218,-9999,479,862.2,9.42,16.86,2.03,5.42,316,245
28716,44.935444,-123.031776,46,OR,227,Prunus,serrulata,Japanese flowering cherry,Plantae,151439,501,Open flowers,2018,3,13,72,2458191,7,2018,4,9,99,2458218,-9999,479,862.2,9.42,16.86,2.03,5.42,316,245
28716,44.935444,-123.031776,46,OR,227,Prunus,serrulata,Japanese flowering cherry,Plantae,151441,501,Open flowers,2018,3,13,72,2458191,7,2018,4,9,99,2458218,-9999,479,862.2,9.42,16.86,2.03,5.42,316,245
28716,44.935444,-123.031776,46,OR,227,Prunus,serrulata,Japanese flowering cherry,Plantae,151442,501,Open flowers,2018,3,13,72,2458191,7,2018,4,9,99,2458218,-9999,479,862.2,9.42,16.86,2.03,5.42,316,245
28716,44.935444,-123.031776,46,OR,227,Prunus,serrulata,Japanese flowering cherry,Plantae,151443,501,Open flowers,2018,3,20,79,2458198,7,2018,4,9,99,2458218,-9999,528.5,951.3,9.42,16.86,2.03,5.42,316,245
28716,44.935444,-123.031776,46,OR,227,Prunus,serrulata,Japanese flowering cherry,Plantae,151444,501,Open flowers,2018,3,20,79,2458198,7,2018,4,9,99,2458218,-9999,528.5,951.3,9.42,16.86,2.03,5.42,316,245
28790,38.991508,-76.950378,40,MD,228,Prunus,yedoensis,Yoshino cherry,Plantae,152278,501,Open flowers,2018,4,10,100,2458219,8,2018,4,24,114,2458233,7,505,909,7.59,17.8,-1.97,7.24,168,365
28791,38.992157,-76.943802,37,MD,228,Prunus,yedoensis,Yoshino cherry,Plantae,152279,501,Open flowers,2018,3,6,65,2458184,14,2018,3,14,73,2458192,13,303,545.4,7.59,17.79,-1.98,7.24,172,370
28791,38.992157,-76.943802,37,MD,228,Prunus,yedoensis,Yoshino cherry,Plantae,152279,501,Open flowers,2018,4,4,94,2458213,8,2018,4,4,94,2458213,7,459.75,827.55,7.59,17.79,-1.98,7.24,172,370
28793,38.983994,-76.935974,21,MD,228,Prunus,yedoensis,Yoshino cherry,Plantae,152283,501,Open flowers,2018,4,19,109,2458228,44,2018,4,19,109,2458228,-9999,634.5,1142.1,7.77,17.97,-1.79,7.47,169,364
28796,38.984314,-76.940369,38,MD,228,Prunus,yedoensis,Yoshino cherry,Plantae,152286,501,Open flowers,2018,4,3,93,2458212,7,2018,4,24,114,2458233,-9999,460.5,828.9,7.77,17.97,-1.79,7.47,169,364
28797,38.982372,-76.939468,31,MD,228,Prunus,yedoensis,Yoshino cherry,Plantae,152287,501,Open flowers,2018,4,10,100,2458219,14,2018,4,16,106,2458225,8,518.25,932.85,7.77,17.97,-1.79,7.47,169,364
28918,38.988239,-76.943115,40,MD,228,Prunus,yedoensis,Yoshino cherry,Plantae,152293,501,Open flowers,2018,3,13,72,2458191,6,2018,4,25,115,2458234,-9999,324.25,583.65,7.59,17.79,-1.98,7.24,172,370
28918,38.988239,-76.943115,40,MD,228,Prunus,yedoensis,Yoshino cherry,Plantae,152294,501,Open flowers,2018,4,3,93,2458212,8,2018,4,10,100,2458219,7,448,806.4,7.59,17.79,-1.98,7.24,172,370
28752,38.985867,-76.947266,51,MD,228,Prunus,yedoensis,Yoshino cherry,Plantae,152296,501,Open flowers,2018,4,2,92,2458211,5,2018,4,18,108,2458227,-9999,440.75,793.35,7.59,17.79,-1.98,7.24,172,370
28752,38.985867,-76.947266,51,MD,228,Prunus,yedoensis,Yoshino cherry,Plantae,152297,501,Open flowers,2018,4,4,94,2458213,7,2018,4,11,101,2458220,7,459.75,827.55,7.59,17.79,-1.98,7.24,172,370
28752,38.985867,-76.947266,51,MD,228,Prunus,yedoensis,Yoshino cherry,Plantae,152297,501,Open flowers,2018,4,24,114,2458233,6,2018,4,24,114,2458233,-9999,677.75,1219.95,7.59,17.79,-1.98,7.24,172,370
28923,38.986008,-76.938278,26,MD,228,Prunus,yedoensis,Yoshino cherry,Plantae,152301,501,Open flowers,2018,4,3,93,2458212,7,2018,4,10,100,2458219,6,460.5,828.9,7.77,17.97,-1.79,7.47,169,364
28923,38.986008,-76.938278,26,MD,228,Prunus,yedoensis,Yoshino cherry,Plantae,152301,501,Open flowers,2018,4,17,107,2458226,1,2018,4,24,114,2458233,-9999,617.75,1111.95,7.77,17.97,-1.79,7.47,169,364
28923,38.986008,-76.938278,26,MD,228,Prunus,yedoensis,Yoshino cherry,Plantae,152302,501,Open flowers,2018,4,17,107,2458226,6,2018,4,24,114,2458233,-9999,617.75,1111.95,7.77,17.97,-1.79,7.47,169,364
28933,38.989643,-76.940872,26,MD,228,Prunus,yedoensis,Yoshino cherry,Plantae,152338,501,Open flowers,2018,4,3,93,2458212,7,2018,4,17,107,2458226,7,448,806.4,7.59,17.79,-1.98,7.24,172,370
28933,38.989643,-76.940872,26,MD,228,Prunus,yedoensis,Yoshino cherry,Plantae,152340,501,Open flowers,2018,3,13,72,2458191,15,2018,4,17,107,2458226,7,324.25,583.65,7.59,17.79,-1.98,7.24,172,370
28933,38.989643,-76.940872,26,MD,228,Prunus,yedoensis,Yoshino cherry,Plantae,152341,501,Open flowers,2018,4,11,101,2458220,8,2018,4,24,114,2458233,-9999,512.25,922.05,7.59,17.79,-1.98,7.24,172,370
28933,38.989643,-76.940872,26,MD,228,Prunus,yedoensis,Yoshino cherry,Plantae,152343,501,Open flowers,2018,3,30,89,2458208,4,2018,4,22,112,2458231,-9999,408.75,735.75,7.59,17.79,-1.98,7.24,172,370
28934,38.984295,-76.944366,50,MD,228,Prunus,yedoensis,Yoshino cherry,Plantae,152344,501,Open flowers,2018,4,3,93,2458212,9,2018,4,17,107,2458226,-9999,448,806.4,7.59,17.79,-1.98,7.24,172,370
28934,38.984295,-76.944366,50,MD,228,Prunus,yedoensis,Yoshino cherry,Plantae,152345,501,Open flowers,2018,4,11,101,2458220,7,2018,4,18,108,2458227,7,512.25,922.05,7.59,17.79,-1.98,7.24,172,370
28934,38.984295,-76.944366,50,MD,228,Prunus,yedoensis,Yoshino cherry,Plantae,152346,501,Open flowers,2018,4,3,93,2458212,7,2018,4,23,113,2458232,-9999,448,806.4,7.59,17.79,-1.98,7.24,172,370
28954,38.98613,-76.938805,26,MD,228,Prunus,yedoensis,Yoshino cherry,Plantae,152509,501,Open flowers,2018,4,3,93,2458212,7,2018,4,3,93,2458212,-9999,460.5,828.9,7.77,17.97,-1.79,7.47,169,364
28918,38.988239,-76.943115,40,MD,228,Prunus,yedoensis,Yoshino cherry,Plantae,152751,501,Open flowers,2018,4,4,94,2458213,7,2018,4,24,114,2458233,-9999,459.75,827.55,7.59,17.79,-1.98,7.24,172,370
28918,38.988239,-76.943115,40,MD,228,Prunus,yedoensis,Yoshino cherry,Plantae,152752,501,Open flowers,2018,4,3,93,2458212,6,2018,4,19,109,2458228,-9999,448,806.4,7.59,17.79,-1.98,7.24,172,370
29913,38.909508,-77.07354,40,DC,227,Prunus,serrulata,Japanese flowering cherry,Plantae,159499,501,Open flowers,2018,4,16,106,2458225,6,2018,4,17,107,2458226,-9999,600.25,1080.45,7.78,17.93,-2.09,7.17,167,408
29913,38.909508,-77.07354,40,DC,227,Prunus,serrulata,Japanese flowering cherry,Plantae,159500,501,Open flowers,2018,4,16,106,2458225,6,2018,4,17,107,2458226,-9999,600.25,1080.45,7.78,17.93,-2.09,7.17,167,408
29916,38.908012,-77.072189,41,DC,227,Prunus,serrulata,Japanese flowering cherry,Plantae,159506,501,Open flowers,2018,4,11,101,2458220,1,2018,4,21,111,2458230,-9999,519.39,934.89,7.82,18.07,-2.07,7.17,168.83,434.13
29916,38.908012,-77.072189,41,DC,227,Prunus,serrulata,Japanese flowering cherry,Plantae,159507,501,Open flowers,2018,4,11,101,2458220,4,2018,4,21,111,2458230,-9999,519.39,934.89,7.82,18.07,-2.07,7.17,168.83,434.13
30294,40.733265,-74.666374,82,NJ,227,Prunus,serrulata,Japanese flowering cherry,Plantae,162085,501,Open flowers,2018,4,20,110,2458229,-9999,2018,5,4,124,2458243,-9999,332,597.6,4.16,14.62,-5.62,3.77,316,381
30297,40.733265,-74.666374,82,NJ,227,Prunus,serrulata,Japanese flowering cherry,Plantae,162091,501,Open flowers,2018,4,25,115,2458234,5,2018,5,4,124,2458243,-9999,378.25,680.85,4.16,14.62,-5.62,3.77,316,381
30334,40.733265,-74.666374,82,NJ,227,Prunus,serrulata,Japanese flowering cherry,Plantae,162208,501,Open flowers,2018,4,20,110,2458229,-9999,2018,4,20,110,2458229,8,332,597.6,4.16,14.62,-5.62,3.77,316,381
30334,40.733265,-74.666374,82,NJ,227,Prunus,serrulata,Japanese flowering cherry,Plantae,162208,501,Open flowers,2018,5,4,124,2458243,6,2018,5,4,124,2458243,-9999,511.25,920.25,4.16,14.62,-5.62,3.77,316,381
30300,40.73381,-74.668793,82,NJ,227,Prunus,serrulata,Japanese flowering cherry,Plantae,162211,501,Open flowers,2018,4,13,103,2458222,-9999,2018,5,4,124,2458243,-9999,283.75,510.75,4.36,14.82,-5.44,3.93,307,370
30336,40.733189,-74.669708,87,NJ,227,Prunus,serrulata,Japanese flowering cherry,Plantae,162212,501,Open flowers,2018,4,20,110,2458229,-9999,2018,5,4,124,2458243,-9999,345.75,622.35,4.39,14.83,-5.42,3.94,303,370
30335,40.733265,-74.666374,82,NJ,227,Prunus,serrulata,Japanese flowering cherry,Plantae,162215,501,Open flowers,2018,4,20,110,2458229,-9999,2018,5,4,124,2458243,-9999,332,597.6,4.16,14.62,-5.62,3.77,316,381
8861,41.71357,-121.507545,1452,CA,87,Prunus,emarginata,bitter cherry,Plantae,29502,501,Open flowers,2019,5,23,143,2458627,-9999,2019,5,28,148,2458632,7,685,1233,4.64,13.36,-4.23,1.39,173,180
8937,41.709045,-121.514771,1506,CA,87,Prunus,emarginata,bitter cherry,Plantae,30319,501,Open flowers,2019,5,23,143,2458627,-9999,2019,5,28,148,2458632,7,653.5,1176.3,4.34,12.83,-4.24,1.32,191,212
8901,35.590618,-83.470062,1794,TN,1189,Prunus,pensylvanica,pin cherry,Plantae,48480,501,Open flowers,2019,5,17,137,2458621,7,2019,5,24,144,2458628,2,700.25,1260.45,4.54,13.21,-3.28,2.93,851,642
8901,35.590618,-83.470062,1794,TN,1189,Prunus,pensylvanica,pin cherry,Plantae,48481,501,Open flowers,2019,5,24,144,2458628,7,2019,5,24,144,2458628,2,812.25,1462.05,4.54,13.21,-3.28,2.93,851,642
11837,35.562538,-83.497864,2017,NC,1189,Prunus,pensylvanica,pin cherry,Plantae,49725,501,Open flowers,2019,5,17,137,2458621,7,2019,5,24,144,2458628,7,634.5,1142.1,3.65,12.16,-3.75,2.38,902,674
11837,35.562538,-83.497864,2017,NC,1189,Prunus,pensylvanica,pin cherry,Plantae,49732,501,Open flowers,2019,5,17,137,2458621,7,2019,5,24,144,2458628,7,634.5,1142.1,3.65,12.16,-3.75,2.38,902,674
11837,35.562538,-83.497864,2017,NC,1189,Prunus,pensylvanica,pin cherry,Plantae,49734,501,Open flowers,2019,5,24,144,2458628,7,2019,5,31,151,2458635,-9999,740.75,1333.35,3.65,12.16,-3.75,2.38,902,674
18536,40.866119,-73.879341,25,NY,228,Prunus,yedoensis,Yoshino cherry,Plantae,73380,501,Open flowers,2019,4,3,93,2458577,7,2019,4,23,113,2458597,8,280.75,505.35,5.48,15.39,-2.36,6.23,388,425
11610,47.279659,-92.168053,445,MN,1189,Prunus,pensylvanica,pin cherry,Plantae,78429,501,Open flowers,2019,6,9,160,2458644,-9999,2019,6,9,160,2458644,22,492.25,886.05,-7.42,7.88,-18.79,-4.9,110,217
23676,46.996738,-94.696556,430,MN,1189,Prunus,pensylvanica,pin cherry,Plantae,114745,501,Open flowers,2019,5,28,148,2458632,8,2019,6,4,155,2458639,-9999,397.5,715.5,-6.89,8.9,-18.39,-3.53,80,177
29913,38.909508,-77.07354,40,DC,227,Prunus,serrulata,Japanese flowering cherry,Plantae,159499,501,Open flowers,2019,4,11,101,2458585,1,2019,4,14,104,2458588,-9999,552.25,994.05,8.02,19.67,-1.3,8.59,342,305
29913,38.909508,-77.07354,40,DC,227,Prunus,serrulata,Japanese flowering cherry,Plantae,159500,501,Open flowers,2019,4,11,101,2458585,1,2019,4,14,104,2458588,-9999,552.25,994.05,8.02,19.67,-1.3,8.59,342,305
29916,38.908012,-77.072189,41,DC,227,Prunus,serrulata,Japanese flowering cherry,Plantae,159506,501,Open flowers,2019,3,30,89,2458573,1,2019,3,31,90,2458574,2,405.52,729.93,8.06,19.82,-1.29,8.57,343.91,300.67
29916,38.908012,-77.072189,41,DC,227,Prunus,serrulata,Japanese flowering cherry,Plantae,159506,501,Open flowers,2019,4,6,96,2458580,2,2019,4,14,104,2458588,-9999,473.04,851.47,8.06,19.82,-1.29,8.57,343.91,300.67
29916,38.908012,-77.072189,41,DC,227,Prunus,serrulata,Japanese flowering cherry,Plantae,159507,501,Open flowers,2019,3,30,89,2458573,1,2019,3,31,90,2458574,2,405.52,729.93,8.06,19.82,-1.29,8.57,343.91,300.67
29916,38.908012,-77.072189,41,DC,227,Prunus,serrulata,Japanese flowering cherry,Plantae,159507,501,Open flowers,2019,4,6,96,2458580,2,2019,4,14,104,2458588,-9999,473.04,851.47,8.06,19.82,-1.29,8.57,343.91,300.67
31254,38.891289,-77.03009,3,DC,227,Prunus,serrulata,Japanese flowering cherry,Plantae,171695,501,Open flowers,2019,4,23,113,2458597,-9999,2019,4,23,113,2458597,-9999,773.75,1392.75,8.19,19.8,-1.02,8.78,341,315
32789,40.73082,-73.99733,6,NY,227,Prunus,serrulata,Japanese flowering cherry,Plantae,183138,501,Open flowers,2019,5,1,121,2458605,19,2019,5,1,121,2458605,14,658.88,1185.98,5.75,15.72,-2.14,6.48,366.47,417.28
32789,40.73082,-73.99733,6,NY,228,Prunus,yedoensis,Yoshino cherry,Plantae,183140,501,Open flowers,2019,4,8,98,2458582,5,2019,4,16,106,2458590,15,353.37,636.07,5.75,15.72,-2.14,6.48,366.47,417.28
32789,40.73082,-73.99733,6,NY,228,Prunus,yedoensis,Yoshino cherry,Plantae,183140,501,Open flowers,2019,5,22,142,2458626,7,2019,6,6,157,2458641,24,986.14,1775.05,5.75,15.72,-2.14,6.48,366.47,417.28
32789,40.73082,-73.99733,6,NY,227,Prunus,serrulata,Japanese flowering cherry,Plantae,183141,501,Open flowers,2019,4,16,106,2458590,4,2019,5,1,121,2458605,6,455.17,819.3,5.75,15.72,-2.14,6.48,366.47,417.28
33735,48.024921,-122.469193,59,WA,87,Prunus,emarginata,bitter cherry,Plantae,192153,501,Open flowers,2019,4,28,118,2458602,-9999,2019,4,28,118,2458602,31,737.25,1327.04,7.85,15.6,0.57,5.18,227.98,141.41
33980,44.929199,-93.164223,288,MN,1753,Prunus,cerasus,sour cherry,Plantae,195889,501,Open flowers,2019,5,20,140,2458624,-9999,2019,5,20,140,2458624,-9999,478.37,861.07,-4.61,10.8,-13.19,-0.01,115.77,349.52
29890,48.91993,-122.640564,10,WA,87,Prunus,emarginata,bitter cherry,Plantae,198745,501,Open flowers,2019,5,11,131,2458615,-9999,2019,5,11,131,2458615,48,920.5,1656.9,7.43,15.68,0.62,5.98,346,202
29913,38.909508,-77.07354,40,DC,227,Prunus,serrulata,Japanese flowering cherry,Plantae,159499,501,Open flowers,2020,4,9,100,2458949,15,2020,4,9,100,2458949,-9999,753.5,1356.3,9.49,18.42,0.11,7.52,276.67,295.9
29913,38.909508,-77.07354,40,DC,227,Prunus,serrulata,Japanese flowering cherry,Plantae,159500,501,Open flowers,2020,4,9,100,2458949,15,2020,4,9,100,2458949,-9999,753.5,1356.3,9.49,18.42,0.11,7.52,276.67,295.9
29916,38.908012,-77.072189,41,DC,227,Prunus,serrulata,Japanese flowering cherry,Plantae,159506,501,Open flowers,2020,3,25,85,2458934,7,2020,4,9,100,2458949,-9999,552.01,993.62,9.49,18.42,0.11,7.52,276.67,295.9
29916,38.908012,-77.072189,41,DC,227,Prunus,serrulata,Japanese flowering cherry,Plantae,159507,501,Open flowers,2020,3,25,85,2458934,7,2020,4,9,100,2458949,-9999,552.01,993.62,9.49,18.42,0.11,7.52,276.67,295.9
31254,38.891289,-77.03009,3,DC,227,Prunus,serrulata,Japanese flowering cherry,Plantae,171695,501,Open flowers,2020,4,4,95,2458944,30,2020,4,4,95,2458944,2,695.34,1251.61,9.72,18.64,0.35,7.75,268.8,304.08
32789,40.73082,-73.99733,6,NY,227,Prunus,serrulata,Japanese flowering cherry,Plantae,183138,501,Open flowers,2020,4,16,107,2458956,21,2020,4,27,118,2458967,16,659.98,1187.96,7.23,15.85,-0.53,6.31,327.91,273.46
32789,40.73082,-73.99733,6,NY,227,Prunus,serrulata,Japanese flowering cherry,Plantae,183141,501,Open flowers,2020,4,27,118,2458967,5,2020,4,27,118,2458967,16,746.19,1343.13,7.23,15.85,-0.53,6.31,327.91,273.46
29890,48.91993,-122.640564,10,WA,87,Prunus,emarginata,bitter cherry,Plantae,198745,501,Open flowers,2020,5,9,130,2458979,20,2020,5,9,130,2458979,27,912.32,1642.17,7.73,14.67,2.24,5.5,576.24,206.65
36695,37.997528,-84.401024,311,KY,227,Prunus,serrulata,Japanese flowering cherry,Plantae,226427,501,Open flowers,2020,3,26,86,2458935,2,2020,4,16,107,2458956,-9999,470.13,846.23,8.95,18.14,-0.85,6.3,370.56,406.72
37094,39.065319,-77.117416,103,MD,227,Prunus,serrulata,Japanese flowering cherry,Plantae,229882,501,Open flowers,2020,3,20,80,2458929,19,2020,3,29,89,2458938,7,460.57,829.03,8.67,17.67,-0.56,6.82,243.82,287.05
36676,37.987316,-84.401337,309,KY,228,Prunus,yedoensis,Yoshino cherry,Plantae,232173,501,Open flowers,2020,3,18,78,2458927,-9999,2020,4,10,101,2458950,4,391.07,703.93,8.98,18.17,-0.82,6.32,379.11,415.73
37620,35.89801,-86.415253,170,TN,228,Prunus,yedoensis,Yoshino cherry,Plantae,232630,501,Open flowers,2020,3,23,83,2458932,-9999,2020,4,2,93,2458942,-9999,625.44,1125.78,12.08,20.97,0.85,7.97,590.93,499.74
37660,40.201962,-75.535255,60,PA,228,Prunus,yedoensis,Yoshino cherry,Plantae,232792,501,Open flowers,2020,4,13,104,2458953,3,2020,4,30,121,2458970,3,567,1020.6,7.31,16.48,-2.36,4.97,271.38,329.68
37671,40.585594,-75.569016,124,PA,227,Prunus,serrulata,Japanese flowering cherry,Plantae,233016,501,Open flowers,2020,3,27,87,2458936,1,2020,4,16,107,2458956,4,335.03,603.05,6.18,15.98,-3,4.37,249.39,295.26
37739,40.992794,-73.662766,10,NY,227,Prunus,serrulata,Japanese flowering cherry,Plantae,233724,501,Open flowers,2020,4,17,108,2458957,2,2020,5,7,128,2458977,-9999,605.18,1089.32,6.71,15.44,-1.21,5.76,326.33,279.25
38032,44.863602,-78.285202,369,ON,1189,Prunus,pensylvanica,pin cherry,Plantae,234428,501,Open flowers,2020,5,20,141,2458990,5,2020,5,26,147,2458996,10,262.58,472.64,-0.72,10.5,-10.8,-2.5,288.45,213.69
38179,39.891624,-75.028877,19,NJ,227,Prunus,serrulata,Japanese flowering cherry,Plantae,235432,501,Open flowers,2020,4,3,94,2458943,-9999,2020,4,17,108,2458957,-9999,554.56,998.21,8.38,17.06,-0.84,5.92,288.7,294.97
38113,37.396343,-79.28231,239,VA,227,Prunus,serrulata,Japanese flowering cherry,Plantae,236089,501,Open flowers,2020,4,16,107,2458956,-9999,2020,4,16,107,2458956,-9999,864.33,1555.79,10.91,19.87,-0.53,6.9,302.44,412.27
38575,39.756115,-105.030197,1624,CO,1753,Prunus,cerasus,sour cherry,Plantae,238196,501,Open flowers,2020,4,25,116,2458965,-9999,2020,4,25,116,2458965,-9999,512.37,922.26,8.18,18.23,-6.22,2.47,57.12,126.03
40293,38.028393,-84.499519,304,KY,227,Prunus,serrulata,Japanese flowering cherry,Plantae,246947,501,Open flowers,2020,8,30,243,2459092,-9999,2020,8,30,243,2459092,7,3518.8,6333.83,8.95,18.11,-0.82,6.35,393.53,425.6
8901,35.590618,-83.470062,1794,TN,1189,Prunus,pensylvanica,pin cherry,Plantae,48480,501,Open flowers,2021,5,28,148,2459363,8,2021,6,1,152,2459367,2,-9999,-9999,-9999,-9999,-9999,-9999,-9999,-9999
8901,35.590618,-83.470062,1794,TN,1189,Prunus,pensylvanica,pin cherry,Plantae,48481,501,Open flowers,2021,5,28,148,2459363,8,2021,6,3,154,2459369,5,-9999,-9999,-9999,-9999,-9999,-9999,-9999,-9999
32789,40.73082,-73.99733,6,NY,227,Prunus,serrulata,Japanese flowering cherry,Plantae,183138,501,Open flowers,2021,4,14,104,2459319,4,2021,5,1,121,2459336,3,-9999,-9999,-9999,-9999,-9999,-9999,-9999,-9999
32789,40.73082,-73.99733,6,NY,228,Prunus,yedoensis,Yoshino cherry,Plantae,183140,501,Open flowers,2021,4,5,95,2459310,2,2021,4,9,99,2459314,1,-9999,-9999,-9999,-9999,-9999,-9999,-9999,-9999
32789,40.73082,-73.99733,6,NY,228,Prunus,yedoensis,Yoshino cherry,Plantae,183140,501,Open flowers,2021,4,14,104,2459319,4,2021,4,22,112,2459327,3,-9999,-9999,-9999,-9999,-9999,-9999,-9999,-9999
32789,40.73082,-73.99733,6,NY,227,Prunus,serrulata,Japanese flowering cherry,Plantae,183141,501,Open flowers,2021,4,14,104,2459319,4,2021,4,26,116,2459331,5,-9999,-9999,-9999,-9999,-9999,-9999,-9999,-9999
33735,48.024921,-122.469193,59,WA,87,Prunus,emarginata,bitter cherry,Plantae,192153,501,Open flowers,2021,4,18,108,2459323,46,2021,4,18,108,2459323,-9999,-9999,-9999,-9999,-9999,-9999,-9999,-9999,-9999
29890,48.91993,-122.640564,10,WA,87,Prunus,emarginata,bitter cherry,Plantae,198745,501,Open flowers,2021,4,30,120,2459335,26,2021,4,30,120,2459335,-9999,-9999,-9999,-9999,-9999,-9999,-9999,-9999,-9999
38032,44.863602,-78.285202,369,ON,1189,Prunus,pensylvanica,pin cherry,Plantae,234428,501,Open flowers,2021,5,12,132,2459347,7,2021,5,20,140,2459355,6,-9999,-9999,-9999,-9999,-9999,-9999,-9999,-9999
42591,39.140896,-86.5159,240,IN,1753,Prunus,cerasus,sour cherry,Plantae,259599,501,Open flowers,2021,4,6,96,2459311,3,2021,4,23,113,2459328,8,-9999,-9999,-9999,-9999,-9999,-9999,-9999,-9999
42591,39.140896,-86.5159,240,IN,1753,Prunus,cerasus,sour cherry,Plantae,259600,501,Open flowers,2021,4,6,96,2459311,3,2021,4,23,113,2459328,8,-9999,-9999,-9999,-9999,-9999,-9999,-9999,-9999
42580,39.693493,-105.081024,1686,CO,1753,Prunus,cerasus,sour cherry,Plantae,261272,501,Open flowers,2021,5,10,130,2459345,7,2021,5,10,130,2459345,-9999,-9999,-9999,-9999,-9999,-9999,-9999,-9999,-9999
43087,29.531181,106.512856,288,Chongqing Shi,228,Prunus,yedoensis,Yoshino cherry,Plantae,263164,501,Open flowers,2021,3,11,70,2459285,-9999,2021,5,4,124,2459339,-9999,-9999,-9999,-9999,-9999,-9999,-9999,-9999,-9999
43087,29.531181,106.512856,288,Chongqing Shi,228,Prunus,yedoensis,Yoshino cherry,Plantae,263165,501,Open flowers,2021,3,11,70,2459285,-9999,2021,5,4,124,2459339,-9999,-9999,-9999,-9999,-9999,-9999,-9999,-9999,-9999
43221,40.879101,-73.147514,45,NY,227,Prunus,serrulata,Japanese flowering cherry,Plantae,263631,501,Open flowers,2021,4,7,97,2459312,7,2021,4,14,104,2459319,7,-9999,-9999,-9999,-9999,-9999,-9999,-9999,-9999
43004,38.590019,-121.305397,27,CA,1753,Prunus,cerasus,sour cherry,Plantae,265345,501,Open flowers,2021,3,21,80,2459295,-9999,2021,3,21,80,2459295,-9999,-9999,-9999,-9999,-9999,-9999,-9999,-9999,-9999
43621,35.572201,-82.626099,651,NC,1189,Prunus,pensylvanica,pin cherry,Plantae,266240,501,Open flowers,2021,3,28,87,2459302,-9999,2021,4,1,91,2459306,-9999,-9999,-9999,-9999,-9999,-9999,-9999,-9999,-9999
43604,40.94595,-74.017372,7,NJ,228,Prunus,yedoensis,Yoshino cherry,Plantae,266891,501,Open flowers,2021,4,4,94,2459309,-9999,2021,4,14,104,2459319,6,-9999,-9999,-9999,-9999,-9999,-9999,-9999,-9999
43839,44.571491,-123.282806,76,OR,227,Prunus,serrulata,Japanese flowering cherry,Plantae,267588,501,Open flowers,2021,4,8,98,2459313,-9999,2021,4,15,105,2459320,-9999,-9999,-9999,-9999,-9999,-9999,-9999,-9999,-9999
43923,47.657265,-122.307213,50,WA,228,Prunus,yedoensis,Yoshino cherry,Plantae,268313,501,Open flowers,2021,4,8,98,2459313,-9999,2021,5,2,122,2459337,5,-9999,-9999,-9999,-9999,-9999,-9999,-9999,-9999
43946,47.653053,-122.30777,32,WA,227,Prunus,serrulata,Japanese flowering cherry,Plantae,268396,501,Open flowers,2021,4,9,99,2459314,-9999,2021,4,26,116,2459331,7,-9999,-9999,-9999,-9999,-9999,-9999,-9999,-9999
43967,44.576656,-123.282387,73,OR,227,Prunus,serrulata,Japanese flowering cherry,Plantae,268529,501,Open flowers,2021,4,9,99,2459314,-9999,2021,4,9,99,2459314,-9999,-9999,-9999,-9999,-9999,-9999,-9999,-9999,-9999
43970,45.327137,-122.917313,205,OR,227,Prunus,serrulata,Japanese flowering cherry,Plantae,268530,501,Open flowers,2021,4,9,99,2459314,-9999,2021,5,14,134,2459349,-9999,-9999,-9999,-9999,-9999,-9999,-9999,-9999,-9999
43975,47.84,-122.321098,136,WA,227,Prunus,serrulata,Japanese flowering cherry,Plantae,268633,501,Open flowers,2021,4,10,100,2459315,-9999,2021,4,25,115,2459330,20,-9999,-9999,-9999,-9999,-9999,-9999,-9999,-9999
43989,47.663101,-122.315498,64,WA,227,Prunus,serrulata,Japanese flowering cherry,Plantae,268685,501,Open flowers,2021,4,11,101,2459316,-9999,2021,5,15,135,2459350,-9999,-9999,-9999,-9999,-9999,-9999,-9999,-9999,-9999
43987,47.208603,-122.473312,90,WA,228,Prunus,yedoensis,Yoshino cherry,Plantae,268758,501,Open flowers,2021,4,12,102,2459317,-9999,2021,5,5,125,2459340,9,-9999,-9999,-9999,-9999,-9999,-9999,-9999,-9999
44183,40.060658,-85.999557,239,IN,1189,Prunus,pensylvanica,pin cherry,Plantae,269807,501,Open flowers,2021,4,22,112,2459327,-9999,2021,4,28,118,2459333,-9999,-9999,-9999,-9999,-9999,-9999,-9999,-9999,-9999
43756,34.689434,135.269272,6,Hyogo,227,Prunus,serrulata,Japanese flowering cherry,Plantae,269816,501,Open flowers,2021,4,13,103,2459318,-9999,2021,4,13,103,2459318,-9999,-9999,-9999,-9999,-9999,-9999,-9999,-9999,-9999
44023,47.381573,-122.233505,11,WA,227,Prunus,serrulata,Japanese flowering cherry,Plantae,269898,501,Open flowers,2021,4,25,115,2459330,-9999,2021,4,25,115,2459330,-9999,-9999,-9999,-9999,-9999,-9999,-9999,-9999,-9999
43969,44.567272,-123.26693,69,OR,228,Prunus,yedoensis,Yoshino cherry,Plantae,270187,501,Open flowers,2021,4,16,106,2459321,-9999,2021,4,16,106,2459321,-9999,-9999,-9999,-9999,-9999,-9999,-9999,-9999,-9999
44322,42.046661,-72.753372,71,MA,227,Prunus,serrulata,Japanese flowering cherry,Plantae,270388,501,Open flowers,2021,3,27,86,2459301,8,2021,5,3,123,2459338,-9999,-9999,-9999,-9999,-9999,-9999,-9999,-9999,-9999
